cement,slag,flyash,superplasticizer,coarseaggregate,fineaggregate,csMPa,boxcox_age
540.0,0.0,0.0,2.5,1040.0,676.0,79.99,3.619520424593887
540.0,0.0,0.0,2.5,1055.0,676.0,61.89,3.619520424593887
332.5,142.5,0.0,0.0,932.0,594.0,40.27,6.4411532071317215
332.5,142.5,0.0,0.0,932.0,594.0,41.05,6.840673565192089
198.6,132.4,0.0,0.0,978.4,825.5,44.3,6.822265360074817
266.0,114.0,0.0,0.0,932.0,670.0,47.03,5.034165871542133
380.0,95.0,0.0,0.0,932.0,594.0,43.7,6.840673565192089
380.0,95.0,0.0,0.0,932.0,594.0,36.45,3.619520424593887
266.0,114.0,0.0,0.0,932.0,670.0,45.85,3.619520424593887
475.0,0.0,0.0,0.0,932.0,594.0,39.29,3.619520424593887
198.6,132.4,0.0,0.0,978.4,825.5,38.07,5.034165871542133
198.6,132.4,0.0,0.0,978.4,825.5,28.02,3.619520424593887
427.5,47.5,0.0,0.0,932.0,594.0,43.01,6.4411532071317215
190.0,190.0,0.0,0.0,932.0,670.0,42.33,5.034165871542133
304.0,76.0,0.0,0.0,932.0,670.0,47.81,3.619520424593887
380.0,0.0,0.0,0.0,932.0,670.0,52.91,5.034165871542133
139.6,209.4,0.0,0.0,1047.0,806.9,39.36,5.034165871542133
342.0,38.0,0.0,0.0,932.0,670.0,56.14,6.840673565192089
380.0,95.0,0.0,0.0,932.0,594.0,40.56,5.034165871542133
475.0,0.0,0.0,0.0,932.0,594.0,42.62,5.913041856405525
427.5,47.5,0.0,0.0,932.0,594.0,41.84,5.913041856405525
139.6,209.4,0.0,0.0,1047.0,806.9,28.24,3.619520424593887
139.6,209.4,0.0,0.0,1047.0,806.9,8.06,1.1287049591623788
139.6,209.4,0.0,0.0,1047.0,806.9,44.21,5.913041856405525
380.0,0.0,0.0,0.0,932.0,670.0,52.52,6.840673565192089
380.0,0.0,0.0,0.0,932.0,670.0,53.3,6.4411532071317215
380.0,95.0,0.0,0.0,932.0,594.0,41.15,6.4411532071317215
342.0,38.0,0.0,0.0,932.0,670.0,52.12,5.913041856405525
427.5,47.5,0.0,0.0,932.0,594.0,37.43,3.619520424593887
475.0,0.0,0.0,0.0,932.0,594.0,38.6,2.0416515282410117
304.0,76.0,0.0,0.0,932.0,670.0,55.26,6.840673565192089
266.0,114.0,0.0,0.0,932.0,670.0,52.91,6.840673565192089
198.6,132.4,0.0,0.0,978.4,825.5,41.72,5.913041856405525
475.0,0.0,0.0,0.0,932.0,594.0,42.13,6.4411532071317215
190.0,190.0,0.0,0.0,932.0,670.0,53.69,6.840673565192089
237.5,237.5,0.0,0.0,932.0,594.0,38.41,6.4411532071317215
237.5,237.5,0.0,0.0,932.0,594.0,30.08,3.619520424593887
332.5,142.5,0.0,0.0,932.0,594.0,37.72,5.034165871542133
475.0,0.0,0.0,0.0,932.0,594.0,42.23,5.034165871542133
237.5,237.5,0.0,0.0,932.0,594.0,36.25,5.913041856405525
342.0,38.0,0.0,0.0,932.0,670.0,50.46,5.034165871542133
427.5,47.5,0.0,0.0,932.0,594.0,43.7,6.840673565192089
237.5,237.5,0.0,0.0,932.0,594.0,39.0,6.840673565192089
380.0,0.0,0.0,0.0,932.0,670.0,53.1,5.913041856405525
427.5,47.5,0.0,0.0,932.0,594.0,41.54,5.034165871542133
427.5,47.5,0.0,0.0,932.0,594.0,35.08,2.0416515282410117
349.0,0.0,0.0,0.0,1047.0,806.9,15.05,1.1287049591623788
380.0,95.0,0.0,0.0,932.0,594.0,40.76,5.913041856405525
237.5,237.5,0.0,0.0,932.0,594.0,26.26,2.0416515282410117
380.0,95.0,0.0,0.0,932.0,594.0,32.82,2.0416515282410117
332.5,142.5,0.0,0.0,932.0,594.0,39.78,5.913041856405525
190.0,190.0,0.0,0.0,932.0,670.0,46.93,5.913041856405525
237.5,237.5,0.0,0.0,932.0,594.0,33.12,5.034165871542133
304.0,76.0,0.0,0.0,932.0,670.0,49.19,5.034165871542133
139.6,209.4,0.0,0.0,1047.0,806.9,14.59,2.0416515282410117
198.6,132.4,0.0,0.0,978.4,825.5,14.64,2.0416515282410117
475.0,0.0,0.0,0.0,932.0,594.0,41.93,6.840673565192089
198.6,132.4,0.0,0.0,978.4,825.5,9.13,1.1287049591623788
304.0,76.0,0.0,0.0,932.0,670.0,50.95,5.913041856405525
332.5,142.5,0.0,0.0,932.0,594.0,33.02,3.619520424593887
304.0,76.0,0.0,0.0,932.0,670.0,54.38,6.4411532071317215
266.0,114.0,0.0,0.0,932.0,670.0,51.73,6.4411532071317215
310.0,0.0,0.0,0.0,971.0,850.6,9.87,1.1287049591623788
190.0,190.0,0.0,0.0,932.0,670.0,50.66,6.4411532071317215
266.0,114.0,0.0,0.0,932.0,670.0,48.7,5.913041856405525
342.0,38.0,0.0,0.0,932.0,670.0,55.06,6.4411532071317215
139.6,209.4,0.0,0.0,1047.0,806.9,44.7,6.822265360074817
332.5,142.5,0.0,0.0,932.0,594.0,30.28,2.0416515282410117
190.0,190.0,0.0,0.0,932.0,670.0,40.86,3.619520424593887
485.0,0.0,0.0,0.0,1120.0,800.0,71.99,3.619520424593887
374.0,189.2,0.0,10.1,926.1,756.7,34.4,1.1287049591623788
313.3,262.2,0.0,8.6,1046.9,611.8,28.8,1.1287049591623788
425.0,106.3,0.0,16.5,852.1,887.1,33.4,1.1287049591623788
425.0,106.3,0.0,18.6,936.0,803.7,36.3,1.1287049591623788
375.0,93.8,0.0,23.4,852.1,992.6,29.0,1.1287049591623788
475.0,118.8,0.0,8.9,852.1,781.5,37.8,1.1287049591623788
469.0,117.2,0.0,32.2,852.1,840.5,40.2,1.1287049591623788
425.0,106.3,0.0,16.5,852.1,887.1,33.4,1.1287049591623788
388.6,97.1,0.0,12.1,852.1,925.7,28.1,1.1287049591623788
531.3,0.0,0.0,28.2,852.1,893.7,41.3,1.1287049591623788
425.0,106.3,0.0,16.5,852.1,887.1,33.4,1.1287049591623788
318.8,212.5,0.0,14.3,852.1,880.4,25.2,1.1287049591623788
401.8,94.7,0.0,11.4,946.8,852.1,41.1,1.1287049591623788
362.6,189.0,0.0,11.6,944.7,755.8,35.3,1.1287049591623788
323.7,282.8,0.0,10.3,942.7,659.9,28.3,1.1287049591623788
379.5,151.2,0.0,15.9,1134.3,605.0,28.6,1.1287049591623788
362.6,189.0,0.0,11.6,944.7,755.8,35.3,1.1287049591623788
286.3,200.9,0.0,11.2,1004.6,803.7,24.4,1.1287049591623788
362.6,189.0,0.0,11.6,944.7,755.8,35.3,1.1287049591623788
439.0,177.0,0.0,11.1,884.9,707.9,39.3,1.1287049591623788
389.9,189.0,0.0,22.0,944.7,755.8,40.6,1.1287049591623788
362.6,189.0,0.0,11.6,944.7,755.8,35.3,1.1287049591623788
337.9,189.0,0.0,9.5,944.7,755.8,24.1,1.1287049591623788
374.0,189.2,0.0,10.1,926.1,756.7,46.2,2.0416515282410117
313.3,262.2,0.0,8.6,1046.9,611.8,42.8,2.0416515282410117
425.0,106.3,0.0,16.5,852.1,887.1,49.2,2.0416515282410117
425.0,106.3,0.0,18.6,936.0,803.7,46.8,2.0416515282410117
375.0,93.8,0.0,23.4,852.1,992.6,45.7,2.0416515282410117
475.0,118.8,0.0,8.9,852.1,781.5,55.6,2.0416515282410117
469.0,117.2,0.0,32.2,852.1,840.5,54.9,2.0416515282410117
425.0,106.3,0.0,16.5,852.1,887.1,49.2,2.0416515282410117
388.6,97.1,0.0,12.1,852.1,925.7,34.9,2.0416515282410117
531.3,0.0,0.0,28.2,852.1,893.7,46.9,2.0416515282410117
425.0,106.3,0.0,16.5,852.1,887.1,49.2,2.0416515282410117
318.8,212.5,0.0,14.3,852.1,880.4,33.4,2.0416515282410117
401.8,94.7,0.0,11.4,946.8,852.1,54.1,2.0416515282410117
362.6,189.0,0.0,11.6,944.7,755.8,55.9,2.0416515282410117
323.7,282.8,0.0,10.3,942.7,659.9,49.8,2.0416515282410117
379.5,151.2,0.0,15.9,1134.3,605.0,47.1,2.0416515282410117
362.6,189.0,0.0,11.6,944.7,755.8,55.9,2.0416515282410117
286.3,200.9,0.0,11.2,1004.6,803.7,38.0,2.0416515282410117
362.6,189.0,0.0,11.6,944.7,755.8,55.9,2.0416515282410117
439.0,177.0,0.0,11.1,884.9,707.9,56.1,2.0416515282410117
389.9,189.0,0.0,22.0,944.7,755.8,59.09,2.0416515282410117
362.6,189.0,0.0,11.6,944.7,755.8,22.9,2.0416515282410117
337.9,189.0,0.0,9.5,944.7,755.8,35.1,2.0416515282410117
374.0,189.2,0.0,10.1,926.1,756.7,61.09,3.619520424593887
313.3,262.2,0.0,8.6,1046.9,611.8,59.8,3.619520424593887
425.0,106.3,0.0,16.5,852.1,887.1,60.29,3.619520424593887
425.0,106.3,0.0,18.6,936.0,803.7,61.8,3.619520424593887
375.0,93.8,0.0,23.4,852.1,992.6,56.7,3.619520424593887
475.0,118.8,0.0,8.9,852.1,781.5,68.3,3.619520424593887
469.0,117.2,0.0,32.2,852.1,840.5,66.9,3.619520424593887
425.0,106.3,0.0,16.5,852.1,887.1,60.29,3.619520424593887
388.6,97.1,0.0,12.1,852.1,925.7,50.7,3.619520424593887
531.3,0.0,0.0,28.2,852.1,893.7,56.4,3.619520424593887
425.0,106.3,0.0,16.5,852.1,887.1,60.29,3.619520424593887
318.8,212.5,0.0,14.3,852.1,880.4,55.5,3.619520424593887
401.8,94.7,0.0,11.4,946.8,852.1,68.5,3.619520424593887
362.6,189.0,0.0,11.6,944.7,755.8,71.3,3.619520424593887
323.7,282.8,0.0,10.3,942.7,659.9,74.7,3.619520424593887
379.5,151.2,0.0,15.9,1134.3,605.0,52.2,3.619520424593887
362.6,189.0,0.0,11.6,944.7,755.8,71.3,3.619520424593887
286.3,200.9,0.0,11.2,1004.6,803.7,67.7,3.619520424593887
362.6,189.0,0.0,11.6,944.7,755.8,71.3,3.619520424593887
439.0,177.0,0.0,11.1,884.9,707.9,66.0,3.619520424593887
389.9,189.0,0.0,22.0,944.7,755.8,74.5,3.619520424593887
362.6,189.0,0.0,11.6,944.7,755.8,71.3,3.619520424593887
337.9,189.0,0.0,9.5,944.7,755.8,49.9,3.619520424593887
374.0,189.2,0.0,10.1,926.1,756.7,63.4,4.449548813158902
313.3,262.2,0.0,8.6,1046.9,611.8,64.9,4.449548813158902
425.0,106.3,0.0,16.5,852.1,887.1,64.3,4.449548813158902
425.0,106.3,0.0,18.6,936.0,803.7,64.9,4.449548813158902
375.0,93.8,0.0,23.4,852.1,992.6,60.2,4.449548813158902
475.0,118.8,0.0,8.9,852.1,781.5,72.3,4.449548813158902
469.0,117.2,0.0,32.2,852.1,840.5,69.3,4.449548813158902
425.0,106.3,0.0,16.5,852.1,887.1,64.3,4.449548813158902
388.6,97.1,0.0,12.1,852.1,925.7,55.2,4.449548813158902
531.3,0.0,0.0,28.2,852.1,893.7,58.8,4.449548813158902
425.0,106.3,0.0,16.5,852.1,887.1,64.3,4.449548813158902
318.8,212.5,0.0,14.3,852.1,880.4,66.1,4.449548813158902
401.8,94.7,0.0,11.4,946.8,852.1,73.7,4.449548813158902
362.6,189.0,0.0,11.6,944.7,755.8,77.3,4.449548813158902
323.7,282.8,0.0,10.3,942.7,659.9,80.2,4.449548813158902
379.5,151.2,0.0,15.9,1134.3,605.0,54.9,4.449548813158902
362.6,189.0,0.0,11.6,944.7,755.8,77.3,4.449548813158902
286.3,200.9,0.0,11.2,1004.6,803.7,72.99,4.449548813158902
362.6,189.0,0.0,11.6,944.7,755.8,77.3,4.449548813158902
439.0,177.0,0.0,11.1,884.9,707.9,71.7,4.449548813158902
389.9,189.0,0.0,22.0,944.7,755.8,79.4,4.449548813158902
362.6,189.0,0.0,11.6,944.7,755.8,77.3,4.449548813158902
337.9,189.0,0.0,9.5,944.7,755.8,59.89,4.449548813158902
374.0,189.2,0.0,10.1,926.1,756.7,64.9,5.047943774248994
313.3,262.2,0.0,8.6,1046.9,611.8,66.6,5.047943774248994
425.0,106.3,0.0,16.5,852.1,887.1,65.2,5.047943774248994
425.0,106.3,0.0,18.6,936.0,803.7,66.7,5.047943774248994
375.0,93.8,0.0,23.4,852.1,992.6,62.5,5.047943774248994
475.0,118.8,0.0,8.9,852.1,781.5,74.19,5.047943774248994
469.0,117.2,0.0,32.2,852.1,840.5,70.7,5.047943774248994
425.0,106.3,0.0,16.5,852.1,887.1,65.2,5.047943774248994
388.6,97.1,0.0,12.1,852.1,925.7,57.6,5.047943774248994
531.3,0.0,0.0,28.2,852.1,893.7,59.2,5.047943774248994
425.0,106.3,0.0,16.5,852.1,887.1,65.2,5.047943774248994
318.8,212.5,0.0,14.3,852.1,880.4,68.1,5.047943774248994
401.8,94.7,0.0,11.4,946.8,852.1,75.5,5.047943774248994
362.6,189.0,0.0,11.6,944.7,755.8,79.3,5.047943774248994
379.5,151.2,0.0,15.9,1134.3,605.0,56.5,5.047943774248994
362.6,189.0,0.0,11.6,944.7,755.8,79.3,5.047943774248994
286.3,200.9,0.0,11.2,1004.6,803.7,76.8,5.047943774248994
362.6,189.0,0.0,11.6,944.7,755.8,79.3,5.047943774248994
439.0,177.0,0.0,11.1,884.9,707.9,73.3,5.047943774248994
389.9,189.0,0.0,22.0,944.7,755.8,82.6,5.047943774248994
362.6,189.0,0.0,11.6,944.7,755.8,79.3,5.047943774248994
337.9,189.0,0.0,9.5,944.7,755.8,67.8,5.047943774248994
222.4,0.0,96.7,4.5,967.1,870.3,11.58,1.1287049591623788
222.4,0.0,96.7,4.5,967.1,870.3,24.45,2.8171962276052587
222.4,0.0,96.7,4.5,967.1,870.3,24.89,3.619520424593887
222.4,0.0,96.7,4.5,967.1,870.3,29.45,4.449548813158902
222.4,0.0,96.7,4.5,967.1,870.3,40.71,5.165842476197969
233.8,0.0,94.6,4.6,947.0,852.2,10.38,1.1287049591623788
233.8,0.0,94.6,4.6,947.0,852.2,22.14,2.8171962276052587
233.8,0.0,94.6,4.6,947.0,852.2,22.84,3.619520424593887
233.8,0.0,94.6,4.6,947.0,852.2,27.66,4.449548813158902
233.8,0.0,94.6,4.6,947.0,852.2,34.56,5.165842476197969
194.7,0.0,100.5,7.5,1006.4,905.9,12.45,1.1287049591623788
194.7,0.0,100.5,7.5,1006.4,905.9,24.99,2.8171962276052587
194.7,0.0,100.5,7.5,1006.4,905.9,25.72,3.619520424593887
194.7,0.0,100.5,7.5,1006.4,905.9,33.96,4.449548813158902
194.7,0.0,100.5,7.5,1006.4,905.9,37.34,5.165842476197969
190.7,0.0,125.4,7.8,1090.0,804.0,15.04,1.1287049591623788
190.7,0.0,125.4,7.8,1090.0,804.0,21.06,2.8171962276052587
190.7,0.0,125.4,7.8,1090.0,804.0,26.4,3.619520424593887
190.7,0.0,125.4,7.8,1090.0,804.0,35.34,4.449548813158902
190.7,0.0,125.4,7.8,1090.0,804.0,40.57,5.165842476197969
212.1,0.0,121.6,5.7,1057.6,779.3,12.47,1.1287049591623788
212.1,0.0,121.6,5.7,1057.6,779.3,20.92,2.8171962276052587
212.1,0.0,121.6,5.7,1057.6,779.3,24.9,3.619520424593887
212.1,0.0,121.6,5.7,1057.6,779.3,34.2,4.449548813158902
212.1,0.0,121.6,5.7,1057.6,779.3,39.61,5.165842476197969
230.0,0.0,118.3,4.6,1029.4,758.6,10.03,1.1287049591623788
230.0,0.0,118.3,4.6,1029.4,758.6,20.08,2.8171962276052587
230.0,0.0,118.3,4.6,1029.4,758.6,24.48,3.619520424593887
230.0,0.0,118.3,4.6,1029.4,758.6,31.54,4.449548813158902
230.0,0.0,118.3,4.6,1029.4,758.6,35.34,5.165842476197969
190.3,0.0,125.2,9.9,1088.1,802.6,9.45,1.1287049591623788
190.3,0.0,125.2,9.9,1088.1,802.6,22.72,2.8171962276052587
190.3,0.0,125.2,9.9,1088.1,802.6,28.47,3.619520424593887
190.3,0.0,125.2,9.9,1088.1,802.6,38.56,4.449548813158902
190.3,0.0,125.2,9.9,1088.1,802.6,40.39,5.165842476197969
166.1,0.0,163.3,4.5,1058.6,780.1,10.76,1.1287049591623788
166.1,0.0,163.3,4.5,1058.6,780.1,25.48,2.8171962276052587
166.1,0.0,163.3,4.5,1058.6,780.1,21.54,3.619520424593887
166.1,0.0,163.3,4.5,1058.6,780.1,28.63,4.449548813158902
166.1,0.0,163.3,4.5,1058.6,780.1,33.54,5.165842476197969
168.0,42.1,163.8,5.7,1058.7,780.1,7.75,1.1287049591623788
168.0,42.1,163.8,5.7,1058.7,780.1,17.82,2.8171962276052587
168.0,42.1,163.8,5.7,1058.7,780.1,24.24,3.619520424593887
168.0,42.1,163.8,5.7,1058.7,780.1,32.85,4.449548813158902
168.0,42.1,163.8,5.7,1058.7,780.1,39.23,5.165842476197969
213.7,98.1,24.5,6.9,1065.8,785.4,18.0,1.1287049591623788
213.7,98.1,24.5,6.9,1065.8,785.4,30.39,2.8171962276052587
213.7,98.1,24.5,6.9,1065.8,785.4,45.71,3.619520424593887
213.7,98.1,24.5,6.9,1065.8,785.4,50.77,4.449548813158902
213.7,98.1,24.5,6.9,1065.8,785.4,53.9,5.165842476197969
213.8,98.1,24.5,6.7,1066.0,785.5,13.18,1.1287049591623788
213.8,98.1,24.5,6.7,1066.0,785.5,17.84,2.8171962276052587
213.8,98.1,24.5,6.7,1066.0,785.5,40.23,3.619520424593887
213.8,98.1,24.5,6.7,1066.0,785.5,47.13,4.449548813158902
213.8,98.1,24.5,6.7,1066.0,785.5,49.97,5.165842476197969
229.7,0.0,118.2,6.1,1028.1,757.6,13.36,1.1287049591623788
229.7,0.0,118.2,6.1,1028.1,757.6,22.32,2.8171962276052587
229.7,0.0,118.2,6.1,1028.1,757.6,24.54,3.619520424593887
229.7,0.0,118.2,6.1,1028.1,757.6,31.35,4.449548813158902
229.7,0.0,118.2,6.1,1028.1,757.6,40.86,5.165842476197969
238.1,0.0,94.1,7.0,949.9,847.0,19.93,1.1287049591623788
238.1,0.0,94.1,7.0,949.9,847.0,25.69,2.8171962276052587
238.1,0.0,94.1,7.0,949.9,847.0,30.23,3.619520424593887
238.1,0.0,94.1,7.0,949.9,847.0,39.59,4.449548813158902
238.1,0.0,94.1,7.0,949.9,847.0,44.3,5.165842476197969
250.0,0.0,95.7,5.5,956.9,861.2,13.82,1.1287049591623788
250.0,0.0,95.7,5.5,956.9,861.2,24.92,2.8171962276052587
250.0,0.0,95.7,5.5,956.9,861.2,29.22,3.619520424593887
250.0,0.0,95.7,5.5,956.9,861.2,38.33,4.449548813158902
250.0,0.0,95.7,5.5,956.9,861.2,42.35,5.165842476197969
212.5,0.0,100.4,8.7,1007.8,903.6,13.54,1.1287049591623788
212.5,0.0,100.4,8.7,1007.8,903.6,26.31,2.8171962276052587
212.5,0.0,100.4,8.7,1007.8,903.6,31.64,3.619520424593887
212.5,0.0,100.4,8.7,1007.8,903.6,42.55,4.449548813158902
212.5,0.0,100.4,8.7,1007.8,903.6,42.92,5.165842476197969
212.6,0.0,100.4,10.4,1003.8,903.8,13.33,1.1287049591623788
212.6,0.0,100.4,10.4,1003.8,903.8,25.37,2.8171962276052587
212.6,0.0,100.4,10.4,1003.8,903.8,37.4,3.619520424593887
212.6,0.0,100.4,10.4,1003.8,903.8,44.4,4.449548813158902
212.6,0.0,100.4,10.4,1003.8,903.8,47.74,5.165842476197969
212.0,0.0,124.8,7.8,1085.4,799.5,19.52,1.1287049591623788
212.0,0.0,124.8,7.8,1085.4,799.5,31.35,2.8171962276052587
212.0,0.0,124.8,7.8,1085.4,799.5,38.5,3.619520424593887
212.0,0.0,124.8,7.8,1085.4,799.5,45.08,4.449548813158902
212.0,0.0,124.8,7.8,1085.4,799.5,47.82,5.165842476197969
231.8,0.0,121.6,6.7,1056.4,778.5,15.44,1.1287049591623788
231.8,0.0,121.6,6.7,1056.4,778.5,26.77,2.8171962276052587
231.8,0.0,121.6,6.7,1056.4,778.5,33.73,3.619520424593887
231.8,0.0,121.6,6.7,1056.4,778.5,42.7,4.449548813158902
231.8,0.0,121.6,6.7,1056.4,778.5,45.84,5.165842476197969
251.4,0.0,118.3,5.8,1028.4,757.7,17.22,1.1287049591623788
251.4,0.0,118.3,5.8,1028.4,757.7,29.93,2.8171962276052587
251.4,0.0,118.3,5.8,1028.4,757.7,29.65,3.619520424593887
251.4,0.0,118.3,5.8,1028.4,757.7,36.97,4.449548813158902
251.4,0.0,118.3,5.8,1028.4,757.7,43.58,5.165842476197969
251.4,0.0,118.3,6.4,1028.4,757.7,13.12,1.1287049591623788
251.4,0.0,118.3,6.4,1028.4,757.7,24.43,2.8171962276052587
251.4,0.0,118.3,6.4,1028.4,757.7,32.66,3.619520424593887
251.4,0.0,118.3,6.4,1028.4,757.7,36.64,4.449548813158902
251.4,0.0,118.3,6.4,1028.4,757.7,44.21,5.165842476197969
181.4,0.0,167.0,7.6,1055.6,777.8,13.62,1.1287049591623788
181.4,0.0,167.0,7.6,1055.6,777.8,21.6,2.8171962276052587
181.4,0.0,167.0,7.6,1055.6,777.8,27.77,3.619520424593887
181.4,0.0,167.0,7.6,1055.6,777.8,35.57,4.449548813158902
181.4,0.0,167.0,7.6,1055.6,777.8,45.37,5.165842476197969
182.0,45.2,122.0,8.2,1059.4,780.7,7.32,1.1287049591623788
182.0,45.2,122.0,8.2,1059.4,780.7,21.5,2.8171962276052587
182.0,45.2,122.0,8.2,1059.4,780.7,31.27,3.619520424593887
182.0,45.2,122.0,8.2,1059.4,780.7,43.5,4.449548813158902
182.0,45.2,122.0,8.2,1059.4,780.7,48.67,5.165842476197969
168.9,42.2,124.3,10.8,1080.8,796.2,7.4,1.1287049591623788
168.9,42.2,124.3,10.8,1080.8,796.2,23.51,2.8171962276052587
168.9,42.2,124.3,10.8,1080.8,796.2,31.12,3.619520424593887
168.9,42.2,124.3,10.8,1080.8,796.2,39.15,4.449548813158902
168.9,42.2,124.3,10.8,1080.8,796.2,48.15,5.165842476197969
290.4,0.0,96.2,9.4,961.2,865.0,22.5,1.1287049591623788
290.4,0.0,96.2,9.4,961.2,865.0,34.67,2.8171962276052587
290.4,0.0,96.2,9.4,961.2,865.0,34.74,3.619520424593887
290.4,0.0,96.2,9.4,961.2,865.0,45.08,4.449548813158902
290.4,0.0,96.2,9.4,961.2,865.0,48.97,5.165842476197969
277.1,0.0,97.4,11.8,973.9,875.6,23.14,1.1287049591623788
277.1,0.0,97.4,11.8,973.9,875.6,41.89,2.8171962276052587
277.1,0.0,97.4,11.8,973.9,875.6,48.28,3.619520424593887
277.1,0.0,97.4,11.8,973.9,875.6,51.04,4.449548813158902
277.1,0.0,97.4,11.8,973.9,875.6,55.64,5.165842476197969
295.7,0.0,95.6,8.9,955.1,859.2,22.95,1.1287049591623788
295.7,0.0,95.6,8.9,955.1,859.2,35.23,2.8171962276052587
295.7,0.0,95.6,8.9,955.1,859.2,39.94,3.619520424593887
295.7,0.0,95.6,8.9,955.1,859.2,48.72,4.449548813158902
295.7,0.0,95.6,8.9,955.1,859.2,52.04,5.165842476197969
251.8,0.0,99.9,12.4,1006.0,899.8,21.02,1.1287049591623788
251.8,0.0,99.9,12.4,1006.0,899.8,33.36,2.8171962276052587
251.8,0.0,99.9,12.4,1006.0,899.8,33.94,3.619520424593887
251.8,0.0,99.9,12.4,1006.0,899.8,44.14,4.449548813158902
251.8,0.0,99.9,12.4,1006.0,899.8,45.37,5.165842476197969
249.1,0.0,98.8,12.8,987.8,889.0,15.36,1.1287049591623788
249.1,0.0,98.8,12.8,987.8,889.0,28.68,2.8171962276052587
249.1,0.0,98.8,12.8,987.8,889.0,30.85,3.619520424593887
249.1,0.0,98.8,12.8,987.8,889.0,42.03,4.449548813158902
249.1,0.0,98.8,12.8,987.8,889.0,51.06,5.165842476197969
252.3,0.0,98.8,14.2,987.8,889.0,21.78,1.1287049591623788
252.3,0.0,98.8,14.2,987.8,889.0,42.29,2.8171962276052587
252.3,0.0,98.8,14.2,987.8,889.0,50.6,3.619520424593887
252.3,0.0,98.8,14.2,987.8,889.0,55.83,4.449548813158902
252.3,0.0,98.8,14.2,987.8,889.0,60.95,5.165842476197969
246.8,0.0,125.1,12.0,1086.8,800.9,23.52,1.1287049591623788
246.8,0.0,125.1,12.0,1086.8,800.9,42.22,2.8171962276052587
246.8,0.0,125.1,12.0,1086.8,800.9,52.5,3.619520424593887
246.8,0.0,125.1,12.0,1086.8,800.9,60.32,4.449548813158902
246.8,0.0,125.1,12.0,1086.8,800.9,66.42,5.165842476197969
275.1,0.0,121.4,9.9,1053.6,777.5,23.8,1.1287049591623788
275.1,0.0,121.4,9.9,1053.6,777.5,38.77,2.8171962276052587
275.1,0.0,121.4,9.9,1053.6,777.5,51.33,3.619520424593887
275.1,0.0,121.4,9.9,1053.6,777.5,56.85,4.449548813158902
275.1,0.0,121.4,9.9,1053.6,777.5,58.61,5.165842476197969
297.2,0.0,117.5,9.5,1022.8,753.5,21.91,1.1287049591623788
297.2,0.0,117.5,9.5,1022.8,753.5,36.99,2.8171962276052587
297.2,0.0,117.5,9.5,1022.8,753.5,47.4,3.619520424593887
297.2,0.0,117.5,9.5,1022.8,753.5,51.96,4.449548813158902
297.2,0.0,117.5,9.5,1022.8,753.5,56.74,5.165842476197969
213.7,0.0,174.7,10.2,1053.5,776.4,17.57,1.1287049591623788
213.7,0.0,174.7,10.2,1053.5,776.4,33.73,2.8171962276052587
213.7,0.0,174.7,10.2,1053.5,776.4,40.15,3.619520424593887
213.7,0.0,174.7,10.2,1053.5,776.4,46.64,4.449548813158902
213.7,0.0,174.7,10.2,1053.5,776.4,50.08,5.165842476197969
213.5,0.0,174.2,11.7,1052.3,775.5,17.37,1.1287049591623788
213.5,0.0,174.2,11.7,1052.3,775.5,33.7,2.8171962276052587
213.5,0.0,174.2,11.7,1052.3,775.5,45.94,3.619520424593887
213.5,0.0,174.2,11.7,1052.3,775.5,51.43,4.449548813158902
213.5,0.0,174.2,11.7,1052.3,775.5,59.3,5.165842476197969
277.2,97.8,24.5,11.2,1061.7,782.5,30.45,1.1287049591623788
277.2,97.8,24.5,11.2,1061.7,782.5,47.71,2.8171962276052587
277.2,97.8,24.5,11.2,1061.7,782.5,63.14,3.619520424593887
277.2,97.8,24.5,11.2,1061.7,782.5,66.82,4.449548813158902
277.2,97.8,24.5,11.2,1061.7,782.5,66.95,5.165842476197969
218.2,54.6,123.8,11.9,1075.7,792.7,27.42,1.1287049591623788
218.2,54.6,123.8,11.9,1075.7,792.7,35.96,2.8171962276052587
218.2,54.6,123.8,11.9,1075.7,792.7,55.51,3.619520424593887
218.2,54.6,123.8,11.9,1075.7,792.7,61.99,4.449548813158902
218.2,54.6,123.8,11.9,1075.7,792.7,63.53,5.165842476197969
214.9,53.8,121.9,9.6,1014.3,780.6,18.02,1.1287049591623788
214.9,53.8,121.9,9.6,1014.3,780.6,38.6,2.8171962276052587
214.9,53.8,121.9,9.6,1014.3,780.6,52.2,3.619520424593887
214.9,53.8,121.9,9.6,1014.3,780.6,53.96,4.449548813158902
214.9,53.8,121.9,9.6,1014.3,780.6,56.63,5.165842476197969
218.9,0.0,124.1,11.3,1078.7,794.9,15.34,1.1287049591623788
218.9,0.0,124.1,11.3,1078.7,794.9,26.05,2.8171962276052587
218.9,0.0,124.1,11.3,1078.7,794.9,30.22,3.619520424593887
218.9,0.0,124.1,11.3,1078.7,794.9,37.27,4.449548813158902
218.9,0.0,124.1,11.3,1078.7,794.9,46.23,5.165842476197969
376.0,0.0,0.0,0.0,1003.5,762.4,16.28,1.1287049591623788
376.0,0.0,0.0,0.0,1003.5,762.4,25.62,2.8171962276052587
376.0,0.0,0.0,0.0,1003.5,762.4,31.97,3.619520424593887
376.0,0.0,0.0,0.0,1003.5,762.4,36.3,4.449548813158902
376.0,0.0,0.0,0.0,1003.5,762.4,43.06,5.165842476197969
500.0,0.0,0.0,4.0,966.0,853.0,67.57,3.619520424593887
475.0,0.0,59.0,1.9,1098.0,641.0,57.23,3.619520424593887
315.0,137.0,0.0,5.9,1130.0,745.0,81.75,3.619520424593887
505.0,0.0,60.0,0.0,1030.0,630.0,64.02,3.619520424593887
451.0,0.0,0.0,11.3,1030.0,745.0,78.8,3.619520424593887
516.0,0.0,0.0,8.2,801.0,802.0,41.37,3.619520424593887
520.0,0.0,0.0,5.2,855.0,855.0,60.28,3.619520424593887
528.0,0.0,0.0,6.9,920.0,720.0,56.83,3.619520424593887
520.0,0.0,0.0,5.2,870.0,805.0,51.02,3.619520424593887
385.0,0.0,136.0,20.0,903.0,768.0,55.55,3.619520424593887
500.1,0.0,0.0,3.0,1124.4,613.2,44.13,3.619520424593887
450.1,50.0,0.0,3.0,1124.4,613.2,39.38,3.619520424593887
397.0,17.2,158.0,20.8,967.0,633.0,55.65,3.619520424593887
333.0,17.5,163.0,17.9,996.0,652.0,47.28,3.619520424593887
334.0,17.6,158.0,15.3,967.0,633.0,44.33,3.619520424593887
405.0,0.0,0.0,0.0,1120.0,695.0,52.3,3.619520424593887
200.0,200.0,0.0,0.0,1145.0,660.0,49.25,3.619520424593887
516.0,0.0,0.0,8.3,801.0,802.0,41.37,3.619520424593887
145.0,116.0,119.0,5.7,833.0,880.0,29.16,3.619520424593887
160.0,128.0,122.0,6.4,824.0,879.0,39.4,3.619520424593887
234.0,156.0,0.0,5.9,981.0,760.0,39.3,3.619520424593887
250.0,180.0,95.0,9.5,860.0,800.0,67.87,3.619520424593887
475.0,0.0,0.0,9.5,1044.0,662.0,58.52,3.619520424593887
285.0,190.0,0.0,7.6,1031.0,685.0,53.58,3.619520424593887
356.0,119.0,0.0,9.0,1061.0,657.0,59.0,3.619520424593887
275.0,180.0,120.0,10.4,830.0,765.0,76.24,3.619520424593887
500.0,0.0,0.0,9.0,1033.0,655.0,69.84,3.619520424593887
165.0,0.0,143.6,0.0,1005.6,900.9,14.4,1.1287049591623788
165.0,128.5,132.1,8.1,1005.8,746.6,19.42,1.1287049591623788
178.0,129.8,118.6,3.6,1007.3,746.8,20.73,1.1287049591623788
167.4,129.9,128.6,7.8,1006.3,746.6,14.94,1.1287049591623788
172.4,13.6,172.4,4.1,1006.3,856.4,21.29,1.1287049591623788
173.5,50.1,173.5,6.5,1006.2,793.5,23.08,1.1287049591623788
167.0,75.4,167.0,7.9,1007.3,770.1,15.52,1.1287049591623788
173.8,93.4,159.9,9.7,1007.2,746.6,15.82,1.1287049591623788
190.3,0.0,125.2,9.9,1079.0,798.9,12.55,1.1287049591623788
250.0,0.0,95.7,5.3,948.9,857.2,8.49,1.1287049591623788
213.5,0.0,174.2,11.7,1043.6,771.9,15.61,1.1287049591623788
194.7,0.0,100.5,7.5,998.0,901.8,12.18,1.1287049591623788
251.4,0.0,118.3,5.8,1043.6,754.3,11.98,1.1287049591623788
165.0,0.0,143.6,0.0,1005.6,900.9,16.88,2.8171962276052587
165.0,128.5,132.1,8.1,1005.8,746.6,33.09,2.8171962276052587
178.0,129.8,118.6,3.6,1007.3,746.8,34.24,2.8171962276052587
167.4,129.9,128.6,7.8,1006.3,746.6,31.81,2.8171962276052587
172.4,13.6,172.4,4.1,1006.3,856.4,29.75,2.8171962276052587
173.5,50.1,173.5,6.5,1006.2,793.5,33.01,2.8171962276052587
167.0,75.4,167.0,7.9,1007.3,770.1,32.9,2.8171962276052587
173.8,93.4,159.9,9.7,1007.2,746.6,29.55,2.8171962276052587
190.3,0.0,125.2,9.9,1079.0,798.9,19.42,2.8171962276052587
250.0,0.0,95.7,5.3,948.9,857.2,24.66,2.8171962276052587
213.5,0.0,174.2,11.7,1043.6,771.9,29.59,2.8171962276052587
194.7,0.0,100.5,7.5,998.0,901.8,24.28,2.8171962276052587
251.4,0.0,118.3,5.8,1043.6,754.3,20.73,2.8171962276052587
165.0,0.0,143.6,0.0,1005.6,900.9,26.2,3.619520424593887
165.0,128.5,132.1,8.1,1005.8,746.6,46.39,3.619520424593887
178.0,129.8,118.6,3.6,1007.3,746.8,39.16,3.619520424593887
167.4,129.9,128.6,7.8,1006.3,746.6,41.2,3.619520424593887
172.4,13.6,172.4,4.1,1006.3,856.4,33.69,3.619520424593887
173.5,50.1,173.5,6.5,1006.2,793.5,38.2,3.619520424593887
167.0,75.4,167.0,7.9,1007.3,770.1,41.41,3.619520424593887
173.8,93.4,159.9,9.7,1007.2,746.6,37.81,3.619520424593887
190.3,0.0,125.2,9.9,1079.0,798.9,24.85,3.619520424593887
250.0,0.0,95.7,5.3,948.9,857.2,27.22,3.619520424593887
213.5,0.0,174.2,11.7,1043.6,771.9,44.64,3.619520424593887
194.7,0.0,100.5,7.5,998.0,901.8,37.27,3.619520424593887
251.4,0.0,118.3,5.8,1043.6,754.3,33.27,3.619520424593887
165.0,0.0,143.6,0.0,1005.6,900.9,36.56,4.449548813158902
165.0,128.5,132.1,8.1,1005.8,746.6,53.72,4.449548813158902
178.0,129.8,118.6,3.6,1007.3,746.8,48.59,4.449548813158902
167.4,129.9,128.6,7.8,1006.3,746.6,51.72,4.449548813158902
172.4,13.6,172.4,4.1,1006.3,856.4,35.85,4.449548813158902
173.5,50.1,173.5,6.5,1006.2,793.5,53.77,4.449548813158902
167.0,75.4,167.0,7.9,1007.3,770.1,53.46,4.449548813158902
173.8,93.4,159.9,9.7,1007.2,746.6,48.99,4.449548813158902
190.3,0.0,125.2,9.9,1079.0,798.9,31.72,4.449548813158902
250.0,0.0,95.7,5.3,948.9,857.2,39.64,4.449548813158902
213.5,0.0,174.2,11.7,1043.6,771.9,51.26,4.449548813158902
194.7,0.0,100.5,7.5,998.0,901.8,43.39,4.449548813158902
251.4,0.0,118.3,5.8,1043.6,754.3,39.27,4.449548813158902
165.0,0.0,143.6,0.0,1005.6,900.9,37.96,5.165842476197969
165.0,128.5,132.1,8.1,1005.8,746.6,55.02,5.165842476197969
178.0,129.8,118.6,3.6,1007.3,746.8,49.99,5.165842476197969
167.4,129.9,128.6,7.8,1006.3,746.6,53.66,5.165842476197969
172.4,13.6,172.4,4.1,1006.3,856.4,37.68,5.165842476197969
173.5,50.1,173.5,6.5,1006.2,793.5,56.06,5.165842476197969
167.0,75.4,167.0,7.9,1007.3,770.1,56.81,5.165842476197969
173.8,93.4,159.9,9.7,1007.2,746.6,50.94,5.165842476197969
190.3,0.0,125.2,9.9,1079.0,798.9,33.56,5.165842476197969
250.0,0.0,95.7,5.3,948.9,857.2,41.16,5.165842476197969
213.5,0.0,174.2,11.7,1043.6,771.9,52.96,5.165842476197969
194.7,0.0,100.5,7.5,998.0,901.8,44.28,5.165842476197969
251.4,0.0,118.3,5.8,1043.6,754.3,40.15,5.165842476197969
446.0,24.0,79.0,11.6,967.0,712.0,57.03,3.619520424593887
446.0,24.0,79.0,11.6,967.0,712.0,44.42,3.619520424593887
446.0,24.0,79.0,11.6,967.0,712.0,51.02,3.619520424593887
446.0,24.0,79.0,10.3,967.0,712.0,53.39,3.619520424593887
446.0,24.0,79.0,11.6,967.0,712.0,35.36,1.1287049591623788
446.0,24.0,79.0,11.6,967.0,712.0,25.02,1.1287049591623788
446.0,24.0,79.0,11.6,967.0,712.0,23.35,1.1287049591623788
446.0,24.0,79.0,11.6,967.0,712.0,52.01,2.0416515282410117
446.0,24.0,79.0,11.6,967.0,712.0,38.02,2.0416515282410117
446.0,24.0,79.0,11.6,967.0,712.0,39.3,2.0416515282410117
446.0,24.0,79.0,11.6,967.0,712.0,61.07,4.449548813158902
446.0,24.0,79.0,11.6,967.0,712.0,56.14,4.449548813158902
446.0,24.0,79.0,11.6,967.0,712.0,55.25,4.449548813158902
446.0,24.0,79.0,10.3,967.0,712.0,54.77,4.449548813158902
387.0,20.0,94.0,14.3,938.0,845.0,50.24,3.619520424593887
387.0,20.0,94.0,13.9,938.0,845.0,46.68,3.619520424593887
387.0,20.0,94.0,11.6,938.0,845.0,46.68,3.619520424593887
387.0,20.0,94.0,14.3,938.0,845.0,22.75,1.1287049591623788
387.0,20.0,94.0,13.9,938.0,845.0,25.51,1.1287049591623788
387.0,20.0,94.0,11.6,938.0,845.0,34.77,1.1287049591623788
387.0,20.0,94.0,14.3,938.0,845.0,36.84,2.0416515282410117
387.0,20.0,94.0,13.9,938.0,845.0,45.9,2.0416515282410117
387.0,20.0,94.0,11.6,938.0,845.0,41.67,2.0416515282410117
387.0,20.0,94.0,14.3,938.0,845.0,56.34,4.449548813158902
387.0,20.0,94.0,13.9,938.0,845.0,47.97,4.449548813158902
387.0,20.0,94.0,11.6,938.0,845.0,61.46,4.449548813158902
355.0,19.0,97.0,13.1,967.0,871.0,44.03,3.619520424593887
355.0,19.0,97.0,12.3,967.0,871.0,55.45,3.619520424593887
491.0,26.0,123.0,3.9,882.0,699.0,55.55,3.619520424593887
491.0,26.0,123.0,3.9,822.0,699.0,57.92,3.619520424593887
491.0,26.0,123.0,3.9,882.0,699.0,25.61,1.1287049591623788
491.0,26.0,123.0,3.9,882.0,699.0,33.49,2.0416515282410117
491.0,26.0,123.0,3.9,882.0,699.0,59.59,4.449548813158902
491.0,26.0,123.0,3.9,822.0,699.0,29.55,1.1287049591623788
491.0,26.0,123.0,3.9,822.0,699.0,37.92,2.0416515282410117
491.0,26.0,123.0,3.9,822.0,699.0,61.86,4.449548813158902
424.0,22.0,132.0,8.5,822.0,750.0,62.05,3.619520424593887
424.0,22.0,132.0,8.5,882.0,750.0,32.01,1.1287049591623788
424.0,22.0,132.0,8.9,822.0,750.0,72.1,3.619520424593887
424.0,22.0,132.0,8.5,822.0,750.0,39.0,2.0416515282410117
424.0,22.0,132.0,8.5,822.0,750.0,65.7,4.449548813158902
424.0,22.0,132.0,8.9,822.0,750.0,32.11,1.1287049591623788
424.0,22.0,132.0,8.9,822.0,750.0,40.29,2.0416515282410117
424.0,22.0,132.0,8.9,822.0,750.0,74.36,4.449548813158902
202.0,11.0,141.0,1.7,942.0,801.0,21.97,3.619520424593887
202.0,11.0,141.0,1.7,942.0,801.0,9.85,1.1287049591623788
202.0,11.0,141.0,1.7,942.0,801.0,15.07,2.0416515282410117
202.0,11.0,141.0,1.7,942.0,801.0,23.25,4.449548813158902
284.0,15.0,141.0,5.5,842.0,801.0,43.73,3.619520424593887
284.0,15.0,141.0,5.5,842.0,801.0,13.4,1.1287049591623788
284.0,15.0,141.0,5.5,842.0,801.0,24.13,2.0416515282410117
284.0,15.0,141.0,5.5,842.0,801.0,44.52,4.449548813158902
359.0,19.0,141.0,10.9,942.0,801.0,62.94,3.619520424593887
359.0,19.0,141.0,10.9,942.0,801.0,59.49,3.619520424593887
359.0,19.0,141.0,10.9,942.0,801.0,25.12,1.1287049591623788
359.0,19.0,141.0,10.9,942.0,801.0,23.64,1.1287049591623788
359.0,19.0,141.0,10.9,942.0,801.0,35.75,2.0416515282410117
359.0,19.0,141.0,10.9,942.0,801.0,38.61,2.0416515282410117
359.0,19.0,141.0,10.9,942.0,801.0,68.75,4.449548813158902
359.0,19.0,141.0,10.9,942.0,801.0,66.78,4.449548813158902
436.0,0.0,0.0,0.0,838.4,719.7,23.85,3.619520424593887
289.0,0.0,0.0,0.0,913.2,895.3,32.07,5.034165871542133
289.0,0.0,0.0,0.0,913.2,895.3,11.65,1.1287049591623788
393.0,0.0,0.0,0.0,940.6,785.6,19.2,1.1287049591623788
393.0,0.0,0.0,0.0,940.6,785.6,48.85,5.034165871542133
393.0,0.0,0.0,0.0,940.6,785.6,39.6,3.619520424593887
480.0,0.0,0.0,0.0,936.2,712.2,43.94,3.619520424593887
480.0,0.0,0.0,0.0,936.2,712.2,34.57,2.0416515282410117
480.0,0.0,0.0,0.0,936.2,712.2,54.32,5.034165871542133
480.0,0.0,0.0,0.0,936.2,712.2,24.4,1.1287049591623788
333.0,0.0,0.0,0.0,931.2,842.6,15.62,1.1287049591623788
255.0,0.0,0.0,0.0,889.8,945.0,21.86,5.034165871542133
255.0,0.0,0.0,0.0,889.8,945.0,10.22,2.0416515282410117
289.0,0.0,0.0,0.0,913.2,895.3,14.6,2.0416515282410117
255.0,0.0,0.0,0.0,889.8,945.0,18.75,3.619520424593887
333.0,0.0,0.0,0.0,931.2,842.6,31.97,3.619520424593887
333.0,0.0,0.0,0.0,931.2,842.6,23.4,2.0416515282410117
289.0,0.0,0.0,0.0,913.2,895.3,25.57,3.619520424593887
333.0,0.0,0.0,0.0,931.2,842.6,41.68,5.034165871542133
393.0,0.0,0.0,0.0,940.6,785.6,27.74,2.0416515282410117
255.0,0.0,0.0,0.0,889.8,945.0,8.2,1.1287049591623788
158.8,238.2,0.0,0.0,1040.6,734.3,9.62,2.0416515282410117
239.6,359.4,0.0,0.0,941.6,664.3,25.42,2.0416515282410117
238.2,158.8,0.0,0.0,1040.6,734.3,15.69,2.0416515282410117
181.9,272.8,0.0,0.0,1012.4,714.3,27.94,3.619520424593887
193.5,290.2,0.0,0.0,998.2,704.3,32.63,3.619520424593887
255.5,170.3,0.0,0.0,1026.6,724.3,17.24,2.0416515282410117
272.8,181.9,0.0,0.0,1012.4,714.3,19.77,2.0416515282410117
239.6,359.4,0.0,0.0,941.6,664.3,39.44,3.619520424593887
220.8,147.2,0.0,0.0,1055.0,744.3,25.75,3.619520424593887
397.0,0.0,0.0,0.0,1040.6,734.3,33.08,3.619520424593887
382.5,0.0,0.0,0.0,1047.8,739.3,24.07,2.0416515282410117
210.7,316.1,0.0,0.0,977.0,689.3,21.82,2.0416515282410117
158.8,238.2,0.0,0.0,1040.6,734.3,21.07,3.619520424593887
295.8,0.0,0.0,0.0,1091.4,769.3,14.84,2.0416515282410117
255.5,170.3,0.0,0.0,1026.6,724.3,32.05,3.619520424593887
203.5,135.7,0.0,0.0,1076.2,759.3,11.96,2.0416515282410117
397.0,0.0,0.0,0.0,1040.6,734.3,25.45,2.0416515282410117
381.4,0.0,0.0,0.0,1104.6,784.3,22.49,3.619520424593887
295.8,0.0,0.0,0.0,1091.4,769.3,25.22,3.619520424593887
228.0,342.1,0.0,0.0,955.8,674.3,39.7,3.619520424593887
220.8,147.2,0.0,0.0,1055.0,744.3,13.09,2.0416515282410117
316.1,210.7,0.0,0.0,977.0,689.3,38.7,3.619520424593887
135.7,203.5,0.0,0.0,1076.2,759.3,7.51,2.0416515282410117
238.1,0.0,0.0,0.0,1118.8,789.3,17.58,3.619520424593887
339.2,0.0,0.0,0.0,1069.2,754.3,21.18,2.0416515282410117
135.7,203.5,0.0,0.0,1076.2,759.3,18.2,3.619520424593887
193.5,290.2,0.0,0.0,998.2,704.3,17.2,2.0416515282410117
203.5,135.7,0.0,0.0,1076.2,759.3,22.63,3.619520424593887
290.2,193.5,0.0,0.0,998.2,704.3,21.86,2.0416515282410117
181.9,272.8,0.0,0.0,1012.4,714.3,12.37,2.0416515282410117
170.3,155.5,0.0,0.0,1026.6,724.3,25.73,3.619520424593887
210.7,316.1,0.0,0.0,977.0,689.3,37.81,3.619520424593887
228.0,342.1,0.0,0.0,955.8,674.3,21.92,2.0416515282410117
290.2,193.5,0.0,0.0,998.2,704.3,33.04,3.619520424593887
381.4,0.0,0.0,0.0,1104.6,784.3,14.54,2.0416515282410117
238.2,158.8,0.0,0.0,1040.6,734.3,26.91,3.619520424593887
186.2,124.1,0.0,0.0,1083.4,764.3,8.0,2.0416515282410117
339.2,0.0,0.0,0.0,1069.2,754.3,31.9,3.619520424593887
238.1,0.0,0.0,0.0,1118.8,789.3,10.34,2.0416515282410117
252.5,0.0,0.0,0.0,1111.6,784.3,19.77,3.619520424593887
382.5,0.0,0.0,0.0,1047.8,739.3,37.44,3.619520424593887
252.5,0.0,0.0,0.0,1111.6,784.3,11.48,2.0416515282410117
316.1,210.7,0.0,0.0,977.0,689.3,24.44,2.0416515282410117
186.2,124.1,0.0,0.0,1083.4,764.3,17.6,3.619520424593887
170.3,155.5,0.0,0.0,1026.6,724.3,10.73,2.0416515282410117
272.8,181.9,0.0,0.0,1012.4,714.3,31.38,3.619520424593887
339.0,0.0,0.0,0.0,968.0,781.0,13.22,1.1287049591623788
339.0,0.0,0.0,0.0,968.0,781.0,20.97,2.0416515282410117
339.0,0.0,0.0,0.0,968.0,781.0,27.04,2.8171962276052587
339.0,0.0,0.0,0.0,968.0,781.0,32.04,3.619520424593887
339.0,0.0,0.0,0.0,968.0,781.0,35.17,5.034165871542133
339.0,0.0,0.0,0.0,968.0,781.0,36.45,5.913041856405525
339.0,0.0,0.0,0.0,968.0,781.0,38.89,6.840673565192089
236.0,0.0,0.0,0.0,968.0,885.0,6.47,1.1287049591623788
236.0,0.0,0.0,0.0,968.0,885.0,12.84,2.8171962276052587
236.0,0.0,0.0,0.0,968.0,885.0,18.42,3.619520424593887
236.0,0.0,0.0,0.0,968.0,885.0,21.95,5.034165871542133
236.0,0.0,0.0,0.0,968.0,885.0,24.1,5.913041856405525
236.0,0.0,0.0,0.0,968.0,885.0,25.08,6.840673565192089
277.0,0.0,0.0,0.0,968.0,856.0,21.26,2.8171962276052587
277.0,0.0,0.0,0.0,968.0,856.0,25.97,3.619520424593887
277.0,0.0,0.0,0.0,968.0,856.0,11.36,1.1287049591623788
277.0,0.0,0.0,0.0,968.0,856.0,31.25,5.034165871542133
277.0,0.0,0.0,0.0,968.0,856.0,32.33,5.913041856405525
277.0,0.0,0.0,0.0,968.0,856.0,33.7,6.822265360074817
254.0,0.0,0.0,0.0,968.0,863.0,9.31,1.1287049591623788
254.0,0.0,0.0,0.0,968.0,863.0,26.94,5.034165871542133
254.0,0.0,0.0,0.0,968.0,863.0,27.63,5.913041856405525
254.0,0.0,0.0,0.0,968.0,863.0,29.79,6.840673565192089
307.0,0.0,0.0,0.0,968.0,812.0,34.49,5.913041856405525
307.0,0.0,0.0,0.0,968.0,812.0,36.15,6.840673565192089
307.0,0.0,0.0,0.0,968.0,812.0,12.54,1.1287049591623788
307.0,0.0,0.0,0.0,968.0,812.0,27.53,3.619520424593887
307.0,0.0,0.0,0.0,968.0,812.0,32.92,5.034165871542133
236.0,0.0,0.0,0.0,968.0,885.0,9.99,2.0416515282410117
200.0,0.0,0.0,0.0,1125.0,845.0,7.84,2.0416515282410117
200.0,0.0,0.0,0.0,1125.0,845.0,12.25,3.619520424593887
225.0,0.0,0.0,0.0,1113.0,833.0,11.17,2.0416515282410117
225.0,0.0,0.0,0.0,1113.0,833.0,17.34,3.619520424593887
325.0,0.0,0.0,0.0,1063.0,783.0,17.54,2.0416515282410117
325.0,0.0,0.0,0.0,1063.0,783.0,30.57,3.619520424593887
275.0,0.0,0.0,0.0,1088.0,808.0,14.2,2.0416515282410117
275.0,0.0,0.0,0.0,1088.0,808.0,24.5,3.619520424593887
300.0,0.0,0.0,0.0,1075.0,795.0,15.58,2.0416515282410117
300.0,0.0,0.0,0.0,1075.0,795.0,26.85,3.619520424593887
375.0,0.0,0.0,0.0,1038.0,758.0,26.06,2.0416515282410117
375.0,0.0,0.0,0.0,1038.0,758.0,38.21,3.619520424593887
400.0,0.0,0.0,0.0,1025.0,745.0,43.7,3.619520424593887
400.0,0.0,0.0,0.0,1025.0,745.0,30.14,2.0416515282410117
250.0,0.0,0.0,0.0,1100.0,820.0,12.73,2.0416515282410117
250.0,0.0,0.0,0.0,1100.0,820.0,20.87,3.619520424593887
350.0,0.0,0.0,0.0,1050.0,770.0,20.28,2.0416515282410117
350.0,0.0,0.0,0.0,1050.0,770.0,34.29,3.619520424593887
203.5,305.3,0.0,0.0,963.4,630.0,19.54,2.0416515282410117
250.2,166.8,0.0,0.0,977.6,694.1,47.71,5.034165871542133
157.0,236.0,0.0,0.0,935.4,781.2,43.38,5.034165871542133
141.3,212.0,0.0,0.0,971.8,748.5,29.89,3.619520424593887
166.8,250.2,0.0,0.0,975.6,692.6,6.9,1.1287049591623788
122.6,183.9,0.0,0.0,958.2,800.1,33.19,5.034165871542133
183.9,122.6,0.0,0.0,959.2,800.0,4.9,1.1287049591623788
102.0,153.0,0.0,0.0,887.0,942.0,4.57,1.1287049591623788
102.0,153.0,0.0,0.0,887.0,942.0,25.46,5.034165871542133
122.6,183.9,0.0,0.0,958.2,800.1,24.29,3.619520424593887
166.8,250.2,0.0,0.0,975.6,692.6,33.95,3.619520424593887
200.0,133.0,0.0,0.0,965.4,806.2,11.41,1.1287049591623788
108.3,162.4,0.0,0.0,938.2,849.0,20.59,3.619520424593887
305.3,203.5,0.0,0.0,965.4,631.0,25.89,2.0416515282410117
108.3,162.4,0.0,0.0,938.2,849.0,29.23,5.034165871542133
116.0,173.0,0.0,0.0,909.8,891.9,31.02,5.034165871542133
141.3,212.0,0.0,0.0,971.8,748.5,10.39,2.0416515282410117
157.0,236.0,0.0,0.0,935.4,781.2,33.66,3.619520424593887
133.0,200.0,0.0,0.0,927.4,839.2,27.87,3.619520424593887
250.2,166.8,0.0,0.0,977.6,694.1,19.35,2.0416515282410117
173.0,116.0,0.0,0.0,946.8,856.8,11.39,2.0416515282410117
192.0,288.0,0.0,0.0,929.8,716.1,12.79,1.1287049591623788
192.0,288.0,0.0,0.0,929.8,716.1,39.32,3.619520424593887
153.0,102.0,0.0,0.0,888.0,943.1,4.78,1.1287049591623788
288.0,192.0,0.0,0.0,932.0,717.8,16.11,1.1287049591623788
305.3,203.5,0.0,0.0,965.4,631.0,43.38,3.619520424593887
236.0,157.0,0.0,0.0,972.6,749.1,20.42,2.0416515282410117
173.0,116.0,0.0,0.0,946.8,856.8,6.94,1.1287049591623788
212.0,141.3,0.0,0.0,973.4,750.0,15.03,2.0416515282410117
236.0,157.0,0.0,0.0,972.6,749.1,13.57,1.1287049591623788
183.9,122.6,0.0,0.0,959.2,800.0,32.53,5.034165871542133
166.8,250.2,0.0,0.0,975.6,692.6,15.75,2.0416515282410117
102.0,153.0,0.0,0.0,887.0,942.0,7.68,2.0416515282410117
288.0,192.0,0.0,0.0,932.0,717.8,38.8,3.619520424593887
212.0,141.3,0.0,0.0,973.4,750.0,33.0,3.619520424593887
102.0,153.0,0.0,0.0,887.0,942.0,17.28,3.619520424593887
173.0,116.0,0.0,0.0,946.8,856.8,24.28,3.619520424593887
183.9,122.6,0.0,0.0,959.2,800.0,24.05,3.619520424593887
133.0,200.0,0.0,0.0,927.4,839.2,36.59,5.034165871542133
192.0,288.0,0.0,0.0,929.8,716.1,50.73,5.034165871542133
133.0,200.0,0.0,0.0,927.4,839.2,13.66,2.0416515282410117
305.3,203.5,0.0,0.0,965.4,631.0,14.14,1.1287049591623788
236.0,157.0,0.0,0.0,972.6,749.1,47.78,5.034165871542133
108.3,162.4,0.0,0.0,938.2,849.0,2.33,1.1287049591623788
157.0,236.0,0.0,0.0,935.4,781.2,16.89,2.0416515282410117
288.0,192.0,0.0,0.0,932.0,717.8,23.52,2.0416515282410117
212.0,141.3,0.0,0.0,973.4,750.0,6.81,1.1287049591623788
212.0,141.3,0.0,0.0,973.4,750.0,39.7,5.034165871542133
153.0,102.0,0.0,0.0,888.0,943.1,17.96,3.619520424593887
236.0,157.0,0.0,0.0,972.6,749.1,32.88,3.619520424593887
116.0,173.0,0.0,0.0,909.8,891.9,22.35,3.619520424593887
183.9,122.6,0.0,0.0,959.2,800.0,10.79,2.0416515282410117
108.3,162.4,0.0,0.0,938.2,849.0,7.72,2.0416515282410117
203.5,305.3,0.0,0.0,963.4,630.0,41.68,3.619520424593887
203.5,305.3,0.0,0.0,963.4,630.0,9.56,1.1287049591623788
133.0,200.0,0.0,0.0,927.4,839.2,6.88,1.1287049591623788
288.0,192.0,0.0,0.0,932.0,717.8,50.53,5.034165871542133
200.0,133.0,0.0,0.0,965.4,806.2,17.17,2.0416515282410117
200.0,133.0,0.0,0.0,965.4,806.2,30.44,3.619520424593887
250.2,166.8,0.0,0.0,977.6,694.1,9.73,1.1287049591623788
122.6,183.9,0.0,0.0,958.2,800.1,3.32,1.1287049591623788
153.0,102.0,0.0,0.0,888.0,943.1,26.32,5.034165871542133
200.0,133.0,0.0,0.0,965.4,806.2,43.25,5.034165871542133
116.0,173.0,0.0,0.0,909.8,891.9,6.28,1.1287049591623788
173.0,116.0,0.0,0.0,946.8,856.8,32.1,5.034165871542133
250.2,166.8,0.0,0.0,977.6,694.1,36.96,3.619520424593887
305.3,203.5,0.0,0.0,965.4,631.0,54.6,5.034165871542133
192.0,288.0,0.0,0.0,929.8,716.1,21.48,2.0416515282410117
157.0,236.0,0.0,0.0,935.4,781.2,9.69,1.1287049591623788
153.0,102.0,0.0,0.0,888.0,943.1,8.37,2.0416515282410117
141.3,212.0,0.0,0.0,971.8,748.5,39.66,5.034165871542133
116.0,173.0,0.0,0.0,909.8,891.9,10.09,2.0416515282410117
141.3,212.0,0.0,0.0,971.8,748.5,4.83,1.1287049591623788
122.6,183.9,0.0,0.0,958.2,800.1,10.35,2.0416515282410117
166.8,250.2,0.0,0.0,975.6,692.6,43.57,5.034165871542133
203.5,305.3,0.0,0.0,963.4,630.0,51.86,5.034165871542133
310.0,0.0,0.0,0.0,1012.0,830.0,11.85,1.1287049591623788
310.0,0.0,0.0,0.0,1012.0,830.0,17.24,2.0416515282410117
310.0,0.0,0.0,0.0,1012.0,830.0,27.83,3.619520424593887
310.0,0.0,0.0,0.0,1012.0,830.0,35.76,5.034165871542133
310.0,0.0,0.0,0.0,1012.0,830.0,38.7,5.395314197892313
331.0,0.0,0.0,0.0,1025.0,821.0,14.31,1.1287049591623788
331.0,0.0,0.0,0.0,1025.0,821.0,17.44,2.0416515282410117
331.0,0.0,0.0,0.0,1025.0,821.0,31.74,3.619520424593887
331.0,0.0,0.0,0.0,1025.0,821.0,37.91,5.034165871542133
331.0,0.0,0.0,0.0,1025.0,821.0,39.38,5.395314197892313
349.0,0.0,0.0,0.0,1056.0,809.0,15.87,1.1287049591623788
349.0,0.0,0.0,0.0,1056.0,809.0,9.01,2.0416515282410117
349.0,0.0,0.0,0.0,1056.0,809.0,33.61,3.619520424593887
349.0,0.0,0.0,0.0,1056.0,809.0,40.66,5.034165871542133
349.0,0.0,0.0,0.0,1056.0,809.0,40.86,5.395314197892313
238.0,0.0,0.0,0.0,1119.0,789.0,12.05,2.0416515282410117
238.0,0.0,0.0,0.0,1119.0,789.0,17.54,3.619520424593887
296.0,0.0,0.0,0.0,1090.0,769.0,18.91,2.0416515282410117
296.0,0.0,0.0,0.0,1090.0,769.0,25.18,3.619520424593887
297.0,0.0,0.0,0.0,1040.0,734.0,30.96,2.0416515282410117
480.0,0.0,0.0,0.0,936.0,721.0,43.89,3.619520424593887
480.0,0.0,0.0,0.0,936.0,721.0,54.28,5.034165871542133
397.0,0.0,0.0,0.0,1040.0,734.0,36.94,3.619520424593887
281.0,0.0,0.0,0.0,1104.0,774.0,14.5,2.0416515282410117
281.0,0.0,0.0,0.0,1104.0,774.0,22.44,3.619520424593887
500.0,0.0,0.0,0.0,1125.0,613.0,12.64,0.0
500.0,0.0,0.0,0.0,1125.0,613.0,26.06,1.1287049591623788
500.0,0.0,0.0,0.0,1125.0,613.0,33.21,2.0416515282410117
500.0,0.0,0.0,0.0,1125.0,613.0,36.94,2.8171962276052587
500.0,0.0,0.0,0.0,1125.0,613.0,44.09,3.619520424593887
540.0,0.0,0.0,0.0,1125.0,613.0,52.61,2.0416515282410117
540.0,0.0,0.0,0.0,1125.0,613.0,59.76,2.8171962276052587
540.0,0.0,0.0,0.0,1125.0,613.0,67.31,3.619520424593887
540.0,0.0,0.0,0.0,1125.0,613.0,69.66,5.034165871542133
540.0,0.0,0.0,0.0,1125.0,613.0,71.62,5.913041856405525
540.0,0.0,0.0,0.0,1125.0,613.0,74.17,6.4411532071317215
350.0,0.0,0.0,0.0,974.0,775.0,18.13,2.0416515282410117
350.0,0.0,0.0,0.0,974.0,775.0,22.53,2.8171962276052587
350.0,0.0,0.0,0.0,974.0,775.0,27.34,3.619520424593887
350.0,0.0,0.0,0.0,974.0,775.0,29.98,4.449548813158902
350.0,0.0,0.0,0.0,974.0,775.0,31.35,5.034165871542133
350.0,0.0,0.0,0.0,974.0,775.0,32.72,5.913041856405525
385.0,0.0,0.0,0.0,966.0,763.0,6.27,0.0
385.0,0.0,0.0,0.0,966.0,763.0,14.7,1.1287049591623788
385.0,0.0,0.0,0.0,966.0,763.0,23.22,2.0416515282410117
385.0,0.0,0.0,0.0,966.0,763.0,27.92,2.8171962276052587
385.0,0.0,0.0,0.0,966.0,763.0,31.35,3.619520424593887
331.0,0.0,0.0,0.0,978.0,825.0,39.0,5.913041856405525
331.0,0.0,0.0,0.0,978.0,825.0,41.24,6.822265360074817
349.0,0.0,0.0,0.0,1047.0,806.0,14.99,1.1287049591623788
331.0,0.0,0.0,0.0,978.0,825.0,13.52,1.1287049591623788
382.0,0.0,0.0,0.0,1047.0,739.0,24.0,2.0416515282410117
382.0,0.0,0.0,0.0,1047.0,739.0,37.42,3.619520424593887
382.0,0.0,0.0,0.0,1111.0,784.0,11.47,2.0416515282410117
281.0,0.0,0.0,0.0,1104.0,774.0,22.44,3.619520424593887
339.0,0.0,0.0,0.0,1069.0,754.0,21.16,2.0416515282410117
339.0,0.0,0.0,0.0,1069.0,754.0,31.84,3.619520424593887
295.0,0.0,0.0,0.0,1069.0,769.0,14.8,2.0416515282410117
295.0,0.0,0.0,0.0,1069.0,769.0,25.18,3.619520424593887
238.0,0.0,0.0,0.0,1118.0,789.0,17.54,3.619520424593887
296.0,0.0,0.0,0.0,1085.0,765.0,14.2,2.0416515282410117
296.0,0.0,0.0,0.0,1085.0,765.0,21.65,3.619520424593887
296.0,0.0,0.0,0.0,1085.0,765.0,29.39,5.034165871542133
331.0,0.0,0.0,0.0,879.0,825.0,13.52,1.1287049591623788
331.0,0.0,0.0,0.0,978.0,825.0,16.26,2.0416515282410117
331.0,0.0,0.0,0.0,978.0,825.0,31.45,3.619520424593887
331.0,0.0,0.0,0.0,978.0,825.0,37.23,5.034165871542133
349.0,0.0,0.0,0.0,1047.0,806.0,18.13,2.0416515282410117
349.0,0.0,0.0,0.0,1047.0,806.0,32.72,3.619520424593887
349.0,0.0,0.0,0.0,1047.0,806.0,39.49,5.034165871542133
349.0,0.0,0.0,0.0,1047.0,806.0,41.05,5.913041856405525
349.0,0.0,0.0,0.0,1047.0,806.0,42.13,6.822265360074817
302.0,0.0,0.0,0.0,974.0,817.0,18.13,2.8171962276052587
302.0,0.0,0.0,0.0,974.0,817.0,26.74,5.913041856405525
525.0,0.0,0.0,0.0,1125.0,613.0,61.92,5.913041856405525
500.0,0.0,0.0,0.0,1125.0,613.0,47.22,5.034165871542133
500.0,0.0,0.0,0.0,1125.0,613.0,51.04,5.913041856405525
500.0,0.0,0.0,0.0,1125.0,613.0,55.16,6.4411532071317215
540.0,0.0,0.0,0.0,1125.0,613.0,41.64,1.1287049591623788
252.0,0.0,0.0,0.0,1111.0,784.0,13.71,2.0416515282410117
252.0,0.0,0.0,0.0,1111.0,784.0,19.69,3.619520424593887
339.0,0.0,0.0,0.0,1060.0,754.0,31.65,3.619520424593887
393.0,0.0,0.0,0.0,940.0,758.0,19.11,1.1287049591623788
393.0,0.0,0.0,0.0,940.0,758.0,39.58,3.619520424593887
393.0,0.0,0.0,0.0,940.0,758.0,48.79,5.034165871542133
382.0,0.0,0.0,0.0,1047.0,739.0,24.0,2.0416515282410117
382.0,0.0,0.0,0.0,1047.0,739.0,37.42,3.619520424593887
252.0,0.0,0.0,0.0,1111.0,784.0,11.47,2.0416515282410117
252.0,0.0,0.0,0.0,1111.0,784.0,19.69,3.619520424593887
310.0,0.0,0.0,0.0,970.0,850.0,14.99,2.0416515282410117
310.0,0.0,0.0,0.0,970.0,850.0,27.92,3.619520424593887
310.0,0.0,0.0,0.0,970.0,850.0,34.68,5.034165871542133
310.0,0.0,0.0,0.0,970.0,850.0,37.33,5.913041856405525
310.0,0.0,0.0,0.0,970.0,850.0,38.11,6.822265360074817
525.0,0.0,0.0,0.0,1125.0,613.0,33.8,1.1287049591623788
525.0,0.0,0.0,0.0,1125.0,613.0,42.42,2.0416515282410117
525.0,0.0,0.0,0.0,1125.0,613.0,48.4,2.8171962276052587
525.0,0.0,0.0,0.0,1125.0,613.0,55.94,3.619520424593887
525.0,0.0,0.0,0.0,1125.0,613.0,58.78,5.034165871542133
525.0,0.0,0.0,0.0,1125.0,613.0,67.11,6.4411532071317215
322.0,0.0,0.0,0.0,974.0,800.0,20.77,2.8171962276052587
322.0,0.0,0.0,0.0,974.0,800.0,25.18,3.619520424593887
322.0,0.0,0.0,0.0,974.0,800.0,29.59,5.913041856405525
302.0,0.0,0.0,0.0,974.0,817.0,21.75,3.619520424593887
397.0,0.0,0.0,0.0,1040.0,734.0,39.09,3.619520424593887
480.0,0.0,0.0,0.0,936.0,721.0,24.39,1.1287049591623788
522.0,0.0,0.0,0.0,896.0,896.0,50.51,2.0416515282410117
522.0,0.0,0.0,0.0,896.0,896.0,74.99,3.619520424593887
273.0,105.0,82.0,9.0,904.0,680.0,37.17,3.619520424593887
162.0,190.0,148.0,19.0,838.0,741.0,33.76,3.619520424593887
154.0,144.0,112.0,10.0,923.0,658.0,16.5,3.619520424593887
147.0,115.0,89.0,9.0,860.0,829.0,19.99,3.619520424593887
152.0,178.0,139.0,18.0,944.0,695.0,36.35,3.619520424593887
310.0,143.0,111.0,22.0,914.0,651.0,33.69,3.619520424593887
144.0,0.0,175.0,18.0,943.0,844.0,15.42,3.619520424593887
304.0,140.0,0.0,6.0,895.0,722.0,33.42,3.619520424593887
374.0,0.0,0.0,7.0,1013.0,730.0,39.05,3.619520424593887
159.0,149.0,116.0,15.0,953.0,720.0,27.68,3.619520424593887
153.0,239.0,0.0,6.0,1002.0,684.0,26.86,3.619520424593887
310.0,143.0,0.0,10.0,914.0,804.0,45.3,3.619520424593887
305.0,0.0,100.0,10.0,959.0,705.0,30.12,3.619520424593887
151.0,0.0,184.0,12.0,991.0,772.0,15.57,3.619520424593887
142.0,167.0,130.0,11.0,883.0,785.0,44.61,3.619520424593887
298.0,137.0,107.0,6.0,878.0,655.0,53.52,3.619520424593887
321.0,164.0,0.0,5.0,870.0,774.0,57.21,3.619520424593887
366.0,187.0,0.0,7.0,824.0,757.0,65.91,3.619520424593887
280.0,129.0,100.0,9.0,825.0,805.0,52.82,3.619520424593887
252.0,97.0,76.0,8.0,835.0,821.0,33.4,3.619520424593887
165.0,0.0,150.0,12.0,1023.0,729.0,18.03,3.619520424593887
156.0,243.0,0.0,11.0,1022.0,698.0,37.36,3.619520424593887
160.0,188.0,146.0,11.0,829.0,710.0,32.84,3.619520424593887
298.0,0.0,107.0,6.0,879.0,815.0,42.64,3.619520424593887
318.0,0.0,126.0,6.0,861.0,737.0,40.06,3.619520424593887
287.0,121.0,94.0,9.0,904.0,696.0,41.94,3.619520424593887
326.0,166.0,0.0,9.0,882.0,790.0,61.23,3.619520424593887
356.0,0.0,142.0,11.0,801.0,778.0,40.87,3.619520424593887
132.0,207.0,161.0,5.0,867.0,736.0,33.3,3.619520424593887
322.0,149.0,0.0,8.0,951.0,709.0,52.42,3.619520424593887
164.0,0.0,200.0,13.0,849.0,846.0,15.09,3.619520424593887
314.0,0.0,113.0,10.0,925.0,783.0,38.46,3.619520424593887
321.0,0.0,128.0,11.0,870.0,780.0,37.26,3.619520424593887
140.0,164.0,128.0,6.0,869.0,656.0,35.23,3.619520424593887
288.0,121.0,0.0,7.0,908.0,829.0,42.13,3.619520424593887
298.0,0.0,107.0,11.0,880.0,744.0,31.87,3.619520424593887
265.0,111.0,86.0,6.0,833.0,790.0,41.54,3.619520424593887
160.0,250.0,0.0,12.0,1049.0,688.0,39.45,3.619520424593887
166.0,260.0,0.0,13.0,859.0,827.0,37.91,3.619520424593887
276.0,116.0,90.0,9.0,870.0,768.0,44.28,3.619520424593887
322.0,0.0,116.0,10.0,818.0,813.0,31.18,3.619520424593887
149.0,139.0,109.0,6.0,892.0,780.0,23.69,3.619520424593887
159.0,187.0,0.0,11.0,990.0,789.0,32.76,3.619520424593887
261.0,100.0,78.0,9.0,864.0,761.0,32.4,3.619520424593887
237.0,92.0,71.0,6.0,853.0,695.0,28.63,3.619520424593887
313.0,0.0,113.0,8.0,1002.0,689.0,36.8,3.619520424593887
155.0,183.0,0.0,9.0,1047.0,697.0,18.28,3.619520424593887
146.0,230.0,0.0,3.0,827.0,872.0,33.06,3.619520424593887
296.0,0.0,107.0,11.0,819.0,778.0,31.42,3.619520424593887
133.0,210.0,0.0,3.0,949.0,795.0,31.03,3.619520424593887
313.0,145.0,0.0,8.0,867.0,824.0,44.39,3.619520424593887
152.0,0.0,112.0,8.0,992.0,816.0,12.18,3.619520424593887
153.0,145.0,113.0,8.0,1002.0,689.0,25.56,3.619520424593887
140.0,133.0,103.0,7.0,916.0,753.0,36.44,3.619520424593887
149.0,236.0,0.0,13.0,847.0,893.0,32.96,3.619520424593887
300.0,0.0,120.0,10.0,878.0,728.0,23.84,3.619520424593887
153.0,145.0,113.0,8.0,867.0,824.0,26.23,3.619520424593887
148.0,0.0,137.0,16.0,1002.0,830.0,17.95,3.619520424593887
326.0,0.0,138.0,11.0,801.0,792.0,40.68,3.619520424593887
153.0,145.0,0.0,8.0,1000.0,822.0,19.01,3.619520424593887
262.0,111.0,86.0,5.0,895.0,733.0,33.72,3.619520424593887
158.0,0.0,195.0,11.0,898.0,713.0,8.54,3.619520424593887
151.0,0.0,185.0,16.0,1074.0,678.0,13.46,3.619520424593887
273.0,0.0,90.0,11.0,931.0,762.0,32.24,3.619520424593887
149.0,118.0,92.0,7.0,953.0,780.0,23.52,3.619520424593887
143.0,169.0,143.0,8.0,967.0,643.0,29.72,3.619520424593887
260.0,101.0,78.0,10.0,936.0,763.0,49.77,3.619520424593887
313.0,161.0,0.0,10.0,917.0,759.0,52.44,3.619520424593887
284.0,120.0,0.0,7.0,970.0,794.0,40.93,3.619520424593887
336.0,0.0,0.0,3.0,986.0,817.0,44.86,3.619520424593887
145.0,0.0,134.0,11.0,979.0,812.0,13.2,3.619520424593887
150.0,237.0,0.0,12.0,1069.0,675.0,37.43,3.619520424593887
144.0,170.0,133.0,8.0,814.0,805.0,29.87,3.619520424593887
331.0,170.0,0.0,8.0,811.0,802.0,56.61,3.619520424593887
155.0,0.0,143.0,9.0,1047.0,697.0,12.46,3.619520424593887
155.0,183.0,0.0,9.0,877.0,868.0,23.79,3.619520424593887
135.0,0.0,166.0,10.0,961.0,805.0,13.29,3.619520424593887
266.0,112.0,87.0,10.0,910.0,745.0,39.42,3.619520424593887
314.0,145.0,113.0,8.0,869.0,690.0,46.23,3.619520424593887
313.0,145.0,0.0,8.0,1000.0,822.0,44.52,3.619520424593887
146.0,173.0,0.0,3.0,986.0,817.0,23.74,3.619520424593887
144.0,136.0,106.0,7.0,941.0,774.0,26.14,3.619520424593887
148.0,0.0,182.0,15.0,839.0,884.0,15.52,3.619520424593887
277.0,117.0,91.0,7.0,946.0,666.0,43.57,3.619520424593887
298.0,0.0,107.0,13.0,953.0,784.0,35.86,3.619520424593887
313.0,145.0,0.0,8.0,1002.0,689.0,41.05,3.619520424593887
155.0,184.0,143.0,9.0,880.0,699.0,28.99,3.619520424593887
289.0,134.0,0.0,6.0,924.0,760.0,46.24,3.619520424593887
148.0,175.0,0.0,2.0,1000.0,828.0,26.92,3.619520424593887
145.0,0.0,179.0,8.0,824.0,869.0,10.54,3.619520424593887
313.0,0.0,0.0,8.0,1000.0,822.0,25.1,3.619520424593887
136.0,162.0,126.0,10.0,923.0,764.0,29.07,3.619520424593887
155.0,0.0,143.0,9.0,877.0,868.0,9.74,3.619520424593887
255.0,99.0,77.0,6.0,919.0,749.0,33.8,3.619520424593887
162.0,207.0,172.0,10.0,822.0,638.0,39.84,3.619520424593887
136.0,196.0,98.0,6.0,847.0,783.0,26.97,3.619520424593887
164.0,163.0,128.0,8.0,961.0,641.0,27.23,3.619520424593887
162.0,214.0,164.0,10.0,820.0,680.0,30.65,3.619520424593887
157.0,214.0,152.0,9.0,819.0,704.0,33.05,3.619520424593887
149.0,153.0,194.0,8.0,935.0,623.0,24.58,3.619520424593887
135.0,105.0,193.0,6.0,965.0,643.0,21.91,3.619520424593887
159.0,209.0,161.0,7.0,848.0,669.0,30.88,3.619520424593887
144.0,15.0,195.0,6.0,1021.0,709.0,15.34,3.619520424593887
154.0,174.0,185.0,7.0,845.0,612.0,24.34,3.619520424593887
167.0,187.0,195.0,7.0,898.0,636.0,23.89,3.619520424593887
184.0,86.0,190.0,6.0,923.0,623.0,22.93,3.619520424593887
156.0,178.0,187.0,7.0,854.0,614.0,29.41,3.619520424593887
236.9,91.7,71.5,6.0,852.9,695.4,28.63,3.619520424593887
313.3,0.0,113.0,8.0,1001.9,688.7,36.8,3.619520424593887
154.8,183.4,0.0,9.1,1047.4,696.7,18.29,3.619520424593887
145.9,230.5,0.0,3.4,827.0,871.8,32.72,3.619520424593887
296.0,0.0,106.7,10.5,819.2,778.4,31.42,3.619520424593887
133.1,210.2,0.0,3.1,949.4,795.3,28.94,3.619520424593887
313.3,145.0,0.0,8.0,867.2,824.0,40.93,3.619520424593887
151.6,0.0,111.9,7.9,992.0,815.9,12.18,3.619520424593887
153.1,145.0,113.0,8.0,1001.9,688.7,25.56,3.619520424593887
139.9,132.6,103.3,7.4,916.0,753.4,36.44,3.619520424593887
149.5,236.0,0.0,12.6,846.8,892.7,32.96,3.619520424593887
299.8,0.0,119.8,9.9,878.2,727.6,23.84,3.619520424593887
153.1,145.0,113.0,8.0,867.2,824.0,26.23,3.619520424593887
148.1,0.0,136.6,16.1,1001.8,830.1,17.96,3.619520424593887
326.5,0.0,137.9,10.8,801.1,792.5,38.63,3.619520424593887
152.7,144.7,0.0,8.0,999.7,822.2,19.01,3.619520424593887
261.9,110.5,86.1,5.0,895.2,732.6,33.72,3.619520424593887
158.4,0.0,194.9,11.0,897.7,712.9,8.54,3.619520424593887
150.7,0.0,185.3,15.6,1074.5,678.0,13.46,3.619520424593887
272.6,0.0,89.6,10.6,931.3,762.2,32.25,3.619520424593887
149.0,117.6,91.7,7.1,953.4,780.3,23.52,3.619520424593887
143.0,169.4,142.7,8.4,967.4,643.5,29.73,3.619520424593887
259.9,100.6,78.4,10.4,935.7,762.9,49.77,3.619520424593887
312.9,160.5,0.0,9.6,916.6,759.5,52.45,3.619520424593887
284.0,119.7,0.0,7.2,970.4,794.2,40.93,3.619520424593887
336.5,0.0,0.0,3.4,985.8,816.8,44.87,3.619520424593887
144.8,0.0,133.6,11.1,979.5,811.5,13.2,3.619520424593887
150.0,236.8,0.0,11.9,1069.3,674.8,37.43,3.619520424593887
143.7,170.2,132.6,8.5,814.1,805.3,29.87,3.619520424593887
330.5,169.6,0.0,8.1,811.0,802.3,56.62,3.619520424593887
154.8,0.0,142.8,9.1,1047.4,696.7,12.46,3.619520424593887
154.8,183.4,0.0,9.1,877.2,867.7,23.79,3.619520424593887
134.7,0.0,165.7,10.0,961.0,804.9,13.29,3.619520424593887
266.2,112.3,87.5,10.4,909.7,744.5,39.42,3.619520424593887
314.0,145.3,113.2,8.0,869.1,690.2,46.23,3.619520424593887
312.7,144.7,0.0,8.0,999.7,822.2,44.52,3.619520424593887
145.7,172.6,0.0,3.4,985.8,816.8,23.74,3.619520424593887
143.8,136.3,106.2,7.5,941.5,774.3,26.15,3.619520424593887
148.1,0.0,182.1,15.0,838.9,884.3,15.53,3.619520424593887
277.0,116.8,91.0,7.0,946.5,665.6,43.58,3.619520424593887
298.1,0.0,107.5,12.8,953.2,784.0,35.87,3.619520424593887
313.3,145.0,0.0,8.0,1001.9,688.7,41.05,3.619520424593887
155.2,183.9,143.2,9.2,879.6,698.5,28.99,3.619520424593887
289.0,133.7,0.0,5.5,924.1,760.1,46.25,3.619520424593887
147.8,175.1,0.0,2.2,1000.0,828.5,26.92,3.619520424593887
145.4,0.0,178.9,7.8,824.0,868.7,10.54,3.619520424593887
312.7,0.0,0.0,8.0,999.7,822.2,25.1,3.619520424593887
136.4,161.6,125.8,10.4,922.6,764.4,29.07,3.619520424593887
154.8,0.0,142.8,9.1,877.2,867.7,9.74,3.619520424593887
255.3,98.8,77.0,6.5,919.0,749.3,33.8,3.619520424593887
272.8,105.1,81.8,9.0,904.0,679.7,37.17,3.619520424593887
162.0,190.1,148.1,18.8,838.1,741.4,33.76,3.619520424593887
153.6,144.2,112.3,10.1,923.2,657.9,16.5,3.619520424593887
146.5,114.6,89.3,8.8,860.0,829.5,19.99,3.619520424593887
151.8,178.1,138.7,18.3,944.0,694.6,36.35,3.619520424593887
309.9,142.8,111.2,22.1,913.9,651.2,38.22,3.619520424593887
143.6,0.0,174.9,17.9,942.7,844.5,15.42,3.619520424593887
303.6,139.9,0.0,6.2,895.5,722.5,33.42,3.619520424593887
374.3,0.0,0.0,6.7,1013.2,730.4,39.06,3.619520424593887
158.6,148.9,116.0,15.0,953.3,719.7,27.68,3.619520424593887
152.6,238.7,0.0,6.3,1001.8,683.9,26.86,3.619520424593887
310.0,142.8,0.0,10.0,914.3,804.0,45.3,3.619520424593887
304.8,0.0,99.6,9.8,959.4,705.2,30.12,3.619520424593887
150.9,0.0,183.9,11.6,991.2,772.2,15.57,3.619520424593887
141.9,166.6,129.7,10.9,882.6,785.3,44.61,3.619520424593887
297.8,137.2,106.9,6.0,878.4,655.3,53.52,3.619520424593887
321.3,164.2,0.0,4.6,870.0,774.0,57.22,3.619520424593887
366.0,187.0,0.0,6.6,824.3,756.9,65.91,3.619520424593887
279.8,128.9,100.4,9.5,825.1,804.9,52.83,3.619520424593887
252.1,97.1,75.6,8.3,835.5,821.4,33.4,3.619520424593887
164.6,0.0,150.4,11.7,1023.3,728.9,18.03,3.619520424593887
155.6,243.5,0.0,10.7,1022.0,697.7,37.36,3.619520424593887
160.2,188.0,146.4,11.3,828.7,709.7,35.31,3.619520424593887
298.1,0.0,107.0,6.1,879.0,815.2,42.64,3.619520424593887
317.9,0.0,126.5,5.7,860.5,736.6,40.06,3.619520424593887
287.3,120.5,93.9,9.2,904.4,695.9,43.8,3.619520424593887
325.6,166.4,0.0,8.9,881.6,790.0,61.24,3.619520424593887
355.9,0.0,141.6,11.0,801.4,778.4,40.87,3.619520424593887
132.0,206.5,160.9,5.5,866.9,735.6,33.31,3.619520424593887
322.5,148.6,0.0,8.5,951.0,709.5,52.43,3.619520424593887
164.2,0.0,200.1,12.6,849.3,846.0,15.09,3.619520424593887
313.8,0.0,112.6,10.1,925.3,782.9,38.46,3.619520424593887
321.4,0.0,127.9,11.5,870.1,779.7,37.27,3.619520424593887
139.7,163.9,127.7,5.8,868.6,655.6,35.23,3.619520424593887
288.4,121.0,0.0,7.0,907.9,829.5,42.14,3.619520424593887
298.2,0.0,107.0,11.1,879.6,744.2,31.88,3.619520424593887
264.5,111.0,86.5,5.9,832.6,790.4,41.54,3.619520424593887
159.8,250.0,0.0,12.2,1049.3,688.2,39.46,3.619520424593887
166.0,259.7,0.0,12.7,858.8,826.8,37.92,3.619520424593887
276.4,116.0,90.3,8.9,870.1,768.3,44.28,3.619520424593887
322.2,0.0,115.6,10.4,817.9,813.4,31.18,3.619520424593887
148.5,139.4,108.6,6.1,892.4,780.0,23.7,3.619520424593887
159.1,186.7,0.0,11.3,989.6,788.9,32.77,3.619520424593887
260.9,100.5,78.3,8.6,864.5,761.5,32.4,3.619520424593887
